title,url,publication_date,processed_date,methodology_detailed,key_findings,technical_approach,research_design
Language Model Re-rankers are Fooled by Lexical Similarities,https://arxiv.org/abs/2502.17036,2025-07-29T22:40:29+00:00,2025-07-30 08:07:16,"Imagine you're in a library looking for a specific book, but the librarian gives you a stack of books that might contain the information you need. You have to quickly decide which book is most likely to have the answer. This is similar to what language model (LM) re-rankers do in retrieval-augmented generation (RAG). They help refine the initial set of retrieved documents to find the most relevant ones.

Our research started with a fundamental question: Are LM re-rankers always better than si...","Our main discoveries were:

1. **LM Re-rankers Struggle**: Surprisingly, LM re-rankers didn't always outperform the simple BM25 baseline, especially on the DRUID dataset. This is like finding out that the advanced librarian isn't always better than the one who just counts keyword matches.

2. **Lexical Dissimilarities**: We found that LM re-rankers often make mistakes when the query and the relevant document use different words for the same concepts. This is like the librarian being confused ...","Think of LM re-rankers as advanced librarians who use complex algorithms to understand the content of books. Here's how we technically implemented our study:

1. **LM Re-rankers**: These are models like BERT or RoBERTa that can understand the context and semantics of text. They work by taking a query and a set of documents, then scoring each document based on how well it answers the query.

2. **BM25 Baseline**: BM25 is a simpler algorithm that scores documents based on how many query keyword...","Our study was designed to answer the question: Are LM re-rankers always better than simpler methods? Here's how we set it up:

1. **Dataset Selection**: We chose NQ, LitQA2, and DRUID because they represent different types of queries and documents. This helps us understand how LM re-rankers perform in various scenarios.

2. **Baseline Comparison**: Comparing LM re-rankers to BM25 helps us see if the added complexity of LM re-rankers is worth it. It's like comparing an advanced librarian to a ..."
From Citations to Criticality: Predicting Legal Decision Influence in the Multilingual Swiss Jurisprudence,https://arxiv.org/abs/2410.13460,2025-07-28T12:05:48+00:00,2025-07-30 08:07:45,Analysis parsing failed,Analysis parsing failed,Analysis parsing failed,Analysis parsing failed
Can Unconfident LLM Annotations Be Used for Confident Conclusions?,https://arxiv.org/html/2408.15204v2,2025-07-24T12:36:13+00:00,2025-07-30 08:08:06,"Imagine you're in a classroom where the teacher asks students to grade each other's homework, but some students aren't very confident in their grading skills. Can we still use their uncertain grades to draw confident conclusions about the overall class performance? This is the fundamental problem we're tackling, but with Large Language Models (LLMs) instead of students.

Here's how we approached it step-by-step:

1. **Identify Uncertain Annotations**: First, we need to recognize that LLMs som...","Here's what we found, in simple terms:

1. **Uncertain Annotations Can Be Useful**: Even when LLMs give uncertain annotations, we can still use them to draw confident conclusions about the overall data.

2. **Aggregation Helps**: By aggregating these uncertain annotations, we can reduce the impact of individual uncertainties. It's like how a teacher can still understand the class performance even if some grades are off.

3. **Statistical Methods Work**: Using statistical methods, we can turn ...","Now, let's dive into the technical side. Imagine you're building a machine that sorts balls by color, but sometimes the machine isn't sure about the color. Here's how we tackled this technically:

1. **LLM Annotations as Inputs**: We start with annotations from LLMs, which are like the balls our machine is sorting. Some balls (annotations) come with a low-confidence label.

2. **Confidence Scoring**: We assign a confidence score to each annotation, like giving each ball a score based on how s...","To design our study, we thought about it like setting up a science experiment:

1. **Define the Question**: We started by asking, 'Can we use uncertain LLM annotations to draw confident conclusions?' This is our research question.

2. **Collect Data**: We collected annotations from LLMs, including those with low confidence. This is like gathering all the materials for our experiment.

3. **Set Up Controls**: We set up controls by comparing our method with traditional methods that discard unce..."
Maria Antoniak (@mariaa.bsky.social),https://bsky.app/profile/mariaa.bsky.social/post/3lumkyphrok2f,2025-07-23T15:44:26+00:00,2025-07-30 08:08:29,"Imagine you're trying to teach a robot to understand something subjective, like whether a painting is beautiful. The robot can learn patterns, but it might not grasp the nuances that humans naturally understand. This is the fundamental problem we're tackling: how can we use Large Language Models (LLMs) to help with tasks that are subjective and require human-like judgment?

Our approach is like having a teacher assist the robot. Here's how we did it step-by-step:

1. **Identify the Subjective...","Our main discovery was that combining LLMs with human feedback significantly improves the model's ability to handle subjective tasks. It's like having a chef who listens to feedback and improves their cooking. We found that the LLM became better at understanding humor over time, which is significant because it shows that machines can learn subjective tasks with the right guidance.

This is important because it means we can use LLMs for more complex, human-like tasks, making them more useful i...","Think of the LLM as a complex recipe that helps a computer understand language. Here's how we broke it down:

1. **Data Preprocessing**: Before we could use the data, we had to clean it up. This is like washing and chopping vegetables before cooking. We removed any irrelevant information and formatted the data so the LLM could understand it.

2. **Model Selection**: We chose a specific LLM that was good at understanding text. This is like choosing a specific recipe that's known for making gre...","Our study was designed like a classroom where the LLM is the student and humans are the teachers. Here's why we made each design choice:

1. **Subjective Task Selection**: We chose a task that's hard for machines but easy for humans to show the potential of our approach.

2. **Data Collection**: We needed a lot of examples to train the LLM, so we gathered a diverse set of data.

3. **LLM Annotation**: We used the LLM to annotate data because it can process large amounts of text quickly, even ..."
Maria Antoniak (@mariaa.bsky.social),https://bsky.app/profile/mariaa.bsky.social/post/3lumkyphpq22f,2025-07-23T15:44:12+00:00,2025-07-30 08:08:47,"Imagine you're trying to solve a puzzle, but some of the pieces are a bit faded and hard to see. This is similar to the problem we're tackling: can we use uncertain or 'unconfident' annotations from Large Language Models (LLMs) to draw confident conclusions? Here's how we approached this step-by-step:

1. **Identify the Problem**: We started by recognizing that LLMs often provide annotations with varying levels of confidence. Some annotations are very sure, while others are more like educated...","Our main discovery was that, yes, unconfident LLM annotations can be used to draw confident conclusions. This is significant because it means we don't need to discard uncertain data. Instead, we can use it to build a clearer picture. Imagine finding out that even faded puzzle pieces can help complete the puzzle. This finding is important because it allows us to make better use of the data we have, leading to more accurate and reliable conclusions.","Think of our technical approach like building a house. Each part has a specific role and contributes to the overall structure:

1. **Data Collection**: We used APIs to gather annotations from LLMs. This is like collecting the materials needed to build the house.

2. **Confidence Scoring**: We implemented a scoring system to measure the confidence of each annotation. Think of this as checking the quality of each material before using it.

3. **Aggregation Algorithm**: We developed an algorithm...","Designing our study was like planning a journey. Each choice was made to ensure we reached our destination:

1. **Selection of LLMs**: We chose LLMs known for their varied confidence levels in annotations. This is like choosing a route with diverse landscapes to see different views.

2. **Data Sampling**: We sampled data from various domains to ensure our findings were generalizable. Think of this as visiting different cities to get a broad experience.

3. **Control Group**: We included a con..."
Sung Kim (@sungkim.bsky.social),https://bsky.app/profile/sungkim.bsky.social/post/3luj3kikh6c2s,2025-07-21T23:33:12+00:00,2025-07-30 08:09:08,"Imagine you're trying to build a complex LEGO city, but you don't have instructions. You need to figure out how each piece fits together to create something functional and impressive. That's essentially what we did with our research on Kimi K2.

First, we identified the fundamental problem: how to create an efficient and scalable AI system that can handle large-scale data and reinforcement learning tasks. We broke this down into smaller, manageable steps:

1. **Understanding Existing Systems*...","Our main discoveries can be summed up in simple terms:

1. **Efficient Data Integration**: We found that MuonClip significantly improves the efficiency of data integration, making it easier to work with diverse data sources. This is like discovering a new LEGO piece that can connect different types of blocks effortlessly.

2. **Scalable Data Pipeline**: Our large-scale agentic data pipeline can handle vast amounts of data without bottlenecks, ensuring smooth and efficient data processing. Thi...","Let's dive into the technical details using simple analogies.

1. **MuonClip**: Imagine MuonClip as a versatile tool in your toolbox. It's designed to clip together different types of data, much like how a universal adapter can connect different types of plugs. Technically, MuonClip is a data integration tool that standardizes and processes diverse data formats, making them compatible with our AI system.

2. **Large-Scale Agentic Data Pipeline**: Think of this as a sophisticated conveyor belt...","Designing our study was like planning a complex experiment in a science lab. Here's how we did it:

1. **Defining the Research Question**: We started by clearly defining what we wanted to achieve: building an efficient and scalable AI system for large-scale data and reinforcement learning. This is like setting the hypothesis for our experiment.

2. **Selecting the Right Tools**: We chose tools and frameworks that are known for their effectiveness in handling large-scale data and reinforcement..."
The Big LLM Architecture Comparison,https://sebastianraschka.com/blog/2025/the-big-llm-architecture-comparison.html,2025-07-20T13:35:19+00:00,2025-07-30 08:09:52,"Let's break down the fundamental problem: understanding the evolution of Large Language Model (LLM) architectures from 2019 to 2025. The goal is to see if there have been groundbreaking changes or just minor refinements. Here's how I approached it:

1. **Identify Key Models**: I started by identifying key LLM architectures released between 2019 and 2025. These include models like GPT-2, DeepSeek V3, Llama 4, and others.

2. **Focus on Architecture**: Instead of getting bogged down by datasets...","Here are the main discoveries from my research:

1. **Evolution of Attention Mechanisms**: Over the years, attention mechanisms have evolved from traditional MHA to more efficient variants like GQA and MLA. These new mechanisms reduce memory usage and improve efficiency.

2. **Increased Use of MoE Layers**: Many recent models, including DeepSeek V3 and Llama 4, have adopted MoE layers. This allows for increased model capacity without a proportional increase in inference costs.

3. **Normaliza...","To explain the technical implementation, let's break down the complex concepts into simpler components:

1. **Attention Mechanisms**: At the core of LLMs is the attention mechanism. Think of it like a spotlight that helps the model focus on relevant parts of the input. Traditional Multi-Head Attention (MHA) uses multiple spotlights (heads) to capture different aspects of the input. Grouped-Query Attention (GQA) and Multi-Head Latent Attention (MLA) are like upgraded spotlights that are more e...","To design this study, I followed these steps:

1. **Select Models**: I chose a diverse set of LLM architectures released between 2019 and 2025. This included models like GPT-2, DeepSeek V3, Llama 4, and others.

2. **Isolate Architectural Components**: I focused solely on the architectural components of these models, ignoring other factors like datasets and training techniques. This helped in isolating the impact of architectural changes on performance.

3. **Compare Architectures**: I compar..."
Sumit (@reachsumit.com),https://bsky.app/profile/reachsumit.com/post/3lty7qvirds2t,2025-07-15T07:49:27+00:00,2025-07-30 08:10:19,Analysis parsing failed,Analysis parsing failed,Analysis parsing failed,Analysis parsing failed
Sumit (@reachsumit.com),https://bsky.app/profile/reachsumit.com/post/3ltya4kszmk2t,2025-07-15T07:48:32+00:00,2025-07-30 08:10:41,"Imagine you're trying to find a specific book in a vast library, but instead of shelves, the books are connected in a complex web of relationships, like a spider's web. This is similar to retrieving information from a knowledge graph, where data points are interconnected. Traditional methods struggle because they try to navigate this web one step at a time, often getting lost or misled by incorrect reasoning.

Our approach, GraphRunner, breaks this process into three clear stages to make it m...","Our main discoveries were:

1. **Improved Accuracy**: By separating planning from execution and adding a verification step, we significantly reduced errors. This is like having a well-checked map that prevents you from getting lost in the library.

2. **Efficiency Gains**: Our method was much faster and cheaper than existing approaches. This is like finding the book you need quickly and without wasting resources on wrong turns.

3. **Robustness**: GraphRunner was more reliable, consistently o...","Think of our technical implementation like building a navigation system for our library analogy:

1. **High-Level Traversal Actions**: Instead of moving one step at a time, we define actions that allow us to make multiple hops in one go. This is like being able to jump from one section of the library to another, instead of walking each aisle.

2. **Traversal Plan Generation**: We use an LLM to generate a holistic plan. Imagine asking a librarian to draft a route for you. The LLM provides a ro...","To test GraphRunner, we designed our experiments like a race in the library:

1. **Dataset**: We used the GRBench dataset, which is like a complex library with lots of interconnected books.

2. **Baselines**: We compared our method against existing ones, like racing against other book-finding strategies.

3. **Metrics**: We measured performance (like who finds the book accurately), cost (like who uses the least resources), and time (like who's fastest).

Each design choice was important becau..."
Sumit (@reachsumit.com),https://bsky.app/profile/reachsumit.com/post/3ltya7niyck2t,2025-07-15T07:48:11+00:00,2025-07-30 08:11:10,"Imagine you're trying to find a specific book in a vast library, but you don't know exactly where it is. Traditionally, you might ask a librarian who knows the library well to guide you (static retrieval). But what if the library is constantly changing, with books moving around? You need a smarter system that can adapt and reason about where the book might be now (dynamic frameworks). This is the core problem we're tackling in our research on Retrieval-Augmented Generation (RAG) with deep rea...","Our main discoveries are like finding out that our smart robot is not only faster but also smarter than traditional methods. Here's what we found:

1. **Dynamic Frameworks Are Better**: We confirmed that dynamic frameworks outperform static methods in changing environments. This is like proving that our robot finds books more efficiently than a librarian who relies on fixed locations.

2. **Deep Reasoning Works**: Adding deep reasoning capabilities significantly improves the accuracy and rele...","Think of our technical approach like building a smart book-finding robot for our ever-changing library. Here's how we did it:

1. **Retrieval Mechanism**: We started with a basic retrieval mechanism, which is like giving our robot eyes to scan the library. This involves algorithms that can quickly search through large amounts of data (like shelves of books).

2. **Reasoning Layer**: We added a reasoning layer, which is like giving our robot a brain to think about where the book might be. This...","Designing our study was like planning a series of experiments to test our smart robot in the library. Hereâ€™s how we did it:

1. **Hypothesis Formulation**: We started with a hypothesis that dynamic frameworks with deep reasoning would be more effective. This is like predicting that our robot will find books faster and more accurately.

2. **Experimental Setup**: We set up experiments to compare static and dynamic methods. This involved creating different scenarios in our 'library' and measuri..."
